Hexamer,-1000,-999,-998,-997,-996,-995,-994,-993,-992,-991,-990,-989,-988,-987,-986,-985,-984,-983,-982,-981,-980,-979,-978,-977,-976,-975,-974,-973,-972,-971,-970,-969,-968,-967,-966,-965,-964,-963,-962,-961,-960,-959,-958,-957,-956,-955,-954,-953,-952,-951,-950,-949,-948,-947,-946,-945,-944,-943,-942,-941,-940,-939,-938,-937,-936,-935,-934,-933,-932,-931,-930,-929,-928,-927,-926,-925,-924,-923,-922,-921,-920,-919,-918,-917,-916,-915,-914,-913,-912,-911,-910,-909,-908,-907,-906,-905,-904,-903,-902,-901,-900,-899,-898,-897,-896,-895,-894,-893,-892,-891,-890,-889,-888,-887,-886,-885,-884,-883,-882,-881,-880,-879,-878,-877,-876,-875,-874,-873,-872,-871,-870,-869,-868,-867,-866,-865,-864,-863,-862,-861,-860,-859,-858,-857,-856,-855,-854,-853,-852,-851,-850,-849,-848,-847,-846,-845,-844,-843,-842,-841,-840,-839,-838,-837,-836,-835,-834,-833,-832,-831,-830,-829,-828,-827,-826,-825,-824,-823,-822,-821,-820,-819,-818,-817,-816,-815,-814,-813,-812,-811,-810,-809,-808,-807,-806,-805,-804,-803,-802,-801,-800,-799,-798,-797,-796,-795,-794,-793,-792,-791,-790,-789,-788,-787,-786,-785,-784,-783,-782,-781,-780,-779,-778,-777,-776,-775,-774,-773,-772,-771,-770,-769,-768,-767,-766,-765,-764,-763,-762,-761,-760,-759,-758,-757,-756,-755,-754,-753,-752,-751,-750,-749,-748,-747,-746,-745,-744,-743,-742,-741,-740,-739,-738,-737,-736,-735,-734,-733,-732,-731,-730,-729,-728,-727,-726,-725,-724,-723,-722,-721,-720,-719,-718,-717,-716,-715,-714,-713,-712,-711,-710,-709,-708,-707,-706,-705,-704,-703,-702,-701,-700,-699,-698,-697,-696,-695,-694,-693,-692,-691,-690,-689,-688,-687,-686,-685,-684,-683,-682,-681,-680,-679,-678,-677,-676,-675,-674,-673,-672,-671,-670,-669,-668,-667,-666,-665,-664,-663,-662,-661,-660,-659,-658,-657,-656,-655,-654,-653,-652,-651,-650,-649,-648,-647,-646,-645,-644,-643,-642,-641,-640,-639,-638,-637,-636,-635,-634,-633,-632,-631,-630,-629,-628,-627,-626,-625,-624,-623,-622,-621,-620,-619,-618,-617,-616,-615,-614,-613,-612,-611,-610,-609,-608,-607,-606,-605,-604,-603,-602,-601,-600,-599,-598,-597,-596,-595,-594,-593,-592,-591,-590,-589,-588,-587,-586,-585,-584,-583,-582,-581,-580,-579,-578,-577,-576,-575,-574,-573,-572,-571,-570,-569,-568,-567,-566,-565,-564,-563,-562,-561,-560,-559,-558,-557,-556,-555,-554,-553,-552,-551,-550,-549,-548,-547,-546,-545,-544,-543,-542,-541,-540,-539,-538,-537,-536,-535,-534,-533,-532,-531,-530,-529,-528,-527,-526,-525,-524,-523,-522,-521,-520,-519,-518,-517,-516,-515,-514,-513,-512,-511,-510,-509,-508,-507,-506,-505,-504,-503,-502,-501,-500,-499,-498,-497,-496,-495,-494,-493,-492,-491,-490,-489,-488,-487,-486,-485,-484,-483,-482,-481,-480,-479,-478,-477,-476,-475,-474,-473,-472,-471,-470,-469,-468,-467,-466,-465,-464,-463,-462,-461,-460,-459,-458,-457,-456,-455,-454,-453,-452,-451,-450,-449,-448,-447,-446,-445,-444,-443,-442,-441,-440,-439,-438,-437,-436,-435,-434,-433,-432,-431,-430,-429,-428,-427,-426,-425,-424,-423,-422,-421,-420,-419,-418,-417,-416,-415,-414,-413,-412,-411,-410,-409,-408,-407,-406,-405,-404,-403,-402,-401,-400,-399,-398,-397,-396,-395,-394,-393,-392,-391,-390,-389,-388,-387,-386,-385,-384,-383,-382,-381,-380,-379,-378,-377,-376,-375,-374,-373,-372,-371,-370,-369,-368,-367,-366,-365,-364,-363,-362,-361,-360,-359,-358,-357,-356,-355,-354,-353,-352,-351,-350,-349,-348,-347,-346,-345,-344,-343,-342,-341,-340,-339,-338,-337,-336,-335,-334,-333,-332,-331,-330,-329,-328,-327,-326,-325,-324,-323,-322,-321,-320,-319,-318,-317,-316,-315,-314,-313,-312,-311,-310,-309,-308,-307,-306,-305,-304,-303,-302,-301,-300,-299,-298,-297,-296,-295,-294,-293,-292,-291,-290,-289,-288,-287,-286,-285,-284,-283,-282,-281,-280,-279,-278,-277,-276,-275,-274,-273,-272,-271,-270,-269,-268,-267,-266,-265,-264,-263,-262,-261,-260,-259,-258,-257,-256,-255,-254,-253,-252,-251,-250,-249,-248,-247,-246,-245,-244,-243,-242,-241,-240,-239,-238,-237,-236,-235,-234,-233,-232,-231,-230,-229,-228,-227,-226,-225,-224,-223,-222,-221,-220,-219,-218,-217,-216,-215,-214,-213,-212,-211,-210,-209,-208,-207,-206,-205,-204,-203,-202,-201,-200,-199,-198,-197,-196,-195,-194,-193,-192,-191,-190,-189,-188,-187,-186,-185,-184,-183,-182,-181,-180,-179,-178,-177,-176,-175,-174,-173,-172,-171,-170,-169,-168,-167,-166,-165,-164,-163,-162,-161,-160,-159,-158,-157,-156,-155,-154,-153,-152,-151,-150,-149,-148,-147,-146,-145,-144,-143,-142,-141,-140,-139,-138,-137,-136,-135,-134,-133,-132,-131,-130,-129,-128,-127,-126,-125,-124,-123,-122,-121,-120,-119,-118,-117,-116,-115,-114,-113,-112,-111,-110,-109,-108,-107,-106,-105,-104,-103,-102,-101,-100,-99,-98,-97,-96,-95,-94,-93,-92,-91,-90,-89,-88,-87,-86,-85,-84,-83,-82,-81,-80,-79,-78,-77,-76,-75,-74,-73,-72,-71,-70,-69,-68,-67,-66,-65,-64,-63,-62,-61,-60,-59,-58,-57,-56,-55,-54,-53,-52,-51,-50,-49,-48,-47,-46,-45,-44,-43,-42,-41,-40,-39,-38,-37,-36,-35,-34,-33,-32,-31,-30,-29,-28,-27,-26,-25,-24,-23,-22,-21,-20,-19,-18,-17,-16,-15,-14,-13,-12,-11,-10,-9,-8,-7,-6,-5,-4,-3,-2,-1
CTCTTC,13,23,14,13,12,24,19,17,18,18,8,8,16,14,25,19,13,8,16,11,20,19,13,18,15,21,10,7,18,6,9,12,8,19,19,11,23,13,20,16,21,24,21,15,12,20,14,21,17,8,9,10,24,19,18,14,22,15,18,13,14,19,17,16,21,8,15,9,12,18,10,21,16,12,17,16,19,7,13,14,16,18,10,13,13,14,21,19,22,7,13,7,17,15,12,16,14,22,13,14,18,15,7,18,14,14,11,11,20,23,14,18,18,11,17,11,18,19,21,12,22,17,11,9,16,11,7,14,8,20,23,18,13,7,10,11,17,12,23,8,9,15,15,7,12,15,11,13,20,7,8,13,9,18,14,13,4,13,15,20,18,19,9,15,12,20,15,23,12,16,14,15,18,14,4,11,20,15,18,9,14,13,11,12,15,10,10,11,17,17,21,9,10,19,15,22,14,17,12,19,10,19,14,19,12,12,13,10,10,14,10,17,15,18,13,14,10,17,15,6,16,18,17,11,14,12,18,11,9,18,14,12,15,15,13,14,13,17,23,13,6,21,19,13,13,13,15,12,16,16,19,11,16,17,15,15,13,12,17,18,15,13,15,13,9,8,20,8,11,10,16,17,14,18,17,12,11,10,18,11,20,21,14,19,20,13,17,17,13,13,14,14,11,19,16,13,11,21,9,11,12,10,13,9,20,12,25,11,8,12,21,13,15,12,13,9,12,10,9,20,8,11,19,12,23,15,15,19,14,17,10,25,13,18,14,8,17,15,10,15,10,19,17,12,7,17,10,17,20,11,13,14,14,18,14,12,10,10,10,13,10,19,8,10,11,17,11,24,16,16,17,18,13,15,10,19,12,15,9,13,19,13,11,14,11,18,13,17,21,12,13,11,12,8,13,17,15,18,20,19,20,11,20,16,20,10,17,16,19,19,8,9,12,10,4,22,7,14,16,16,13,9,13,12,11,18,16,12,14,24,10,18,11,8,6,18,12,13,20,14,14,10,12,7,12,13,10,20,16,10,8,12,13,7,24,20,13,12,13,8,15,10,18,14,17,9,12,15,13,15,10,14,13,12,15,12,9,11,14,7,11,18,12,8,10,12,20,18,6,11,15,5,13,11,14,14,12,12,14,15,6,15,15,8,18,15,18,8,13,14,6,21,10,7,9,10,10,14,11,6,14,20,23,3,9,12,11,16,8,9,6,9,12,10,19,12,13,8,14,13,15,18,18,12,17,11,20,9,18,12,16,18,11,7,23,27,12,12,16,14,16,13,10,8,12,16,14,10,18,12,12,10,22,11,12,13,10,12,11,12,15,8,9,19,14,15,14,10,10,7,8,12,9,9,8,9,8,10,8,15,17,11,19,13,10,15,12,11,9,11,15,15,15,8,16,16,14,15,14,19,16,16,6,21,13,11,14,13,14,15,9,8,14,13,11,9,13,12,7,14,21,14,18,14,22,19,9,16,14,18,15,17,17,12,13,10,18,14,15,12,17,8,17,12,8,17,14,13,12,11,5,13,22,18,12,13,8,19,12,18,11,11,12,16,8,13,14,12,4,17,10,18,17,15,9,10,7,10,20,13,12,13,14,9,7,14,6,7,10,10,24,13,15,12,13,12,11,10,15,12,9,10,14,28,14,7,6,11,16,18,10,12,14,9,24,19,11,15,9,7,12,17,22,9,17,18,16,16,13,14,9,19,12,19,19,10,15,6,11,20,12,23,11,18,11,11,11,14,18,13,18,11,8,9,16,12,14,12,17,9,15,13,14,8,10,18,7,11,11,16,14,12,20,11,15,12,19,15,11,11,6,15,15,20,10,16,19,14,14,6,20,12,11,12,21,13,10,9,8,15,5,10,10,12,17,11,18,6,5,15,14,11,17,15,17,12,12,14,15,13,9,10,14,16,12,12,15,14,17,24,23,13,11,16,13,14,17,8,14,16,12,17,13,10,10,14,14,11,14,17,13,12,12,20,17,17,20,10,17,11,9,16,21,18,15,17,13,19,19,10,12,13,16,20,20,19,18,19,10,18,15,17,22,20,21,24,16,15,12,8,20,9,19,18,24,18,26,14,17,22,20,19,29,23,13,11,28,18,18,13,27,21,18,18,33,23,32,23,25,28,27,28,30,20,35,43,24,41,31,22,24,37,30,26,25,37,50,41,30,38,40,37,38,32,27,45,40,28,24,28,23,34,43,32,40,37,47,43,52,37,49,54,52,52,58,61,44,54,58,62,59,70,40,77,0,0,0,0,0,0
GAAGAG,18,21,25,19,18,17,15,17,24,15,12,23,16,13,24,15,16,15,14,26,18,19,13,14,24,18,18,19,16,13,21,19,14,24,19,19,13,25,11,13,14,17,19,15,17,16,21,12,17,25,12,16,12,14,12,12,19,19,16,21,13,24,26,20,19,20,20,17,16,15,21,22,11,17,18,28,18,9,24,29,20,15,16,16,25,18,17,29,24,17,19,14,22,13,14,17,17,12,15,16,18,12,13,20,20,18,14,22,15,16,13,15,32,18,16,17,15,14,14,18,8,16,16,8,22,17,22,12,12,18,13,15,18,19,13,23,20,13,18,12,26,21,18,17,27,15,10,18,19,22,13,22,21,15,18,17,19,11,13,23,15,19,15,15,20,16,25,16,14,19,8,9,20,21,21,24,18,16,7,19,16,15,17,17,17,21,7,20,19,24,18,13,17,10,15,23,19,11,17,12,13,15,8,14,22,16,22,28,14,15,21,17,13,14,11,18,18,12,18,18,16,13,16,18,20,16,17,22,16,24,10,23,17,11,15,19,22,18,27,15,17,24,16,20,14,13,17,18,16,18,20,13,22,10,16,19,25,14,22,9,18,28,15,27,15,25,11,23,18,22,13,19,22,9,23,25,10,18,11,15,25,18,15,14,15,18,25,13,25,17,10,27,21,19,21,12,11,17,12,16,13,13,20,17,17,20,15,20,19,18,24,8,18,13,18,16,18,23,16,12,18,12,24,13,16,20,13,12,19,22,10,23,18,15,19,8,7,15,13,17,17,19,18,21,16,14,12,16,6,22,14,16,14,15,11,17,24,16,14,22,17,19,17,12,18,25,15,17,14,20,15,15,9,13,16,18,23,15,12,11,26,23,17,16,14,14,19,17,16,14,21,26,9,13,24,17,17,22,21,12,17,17,16,17,16,13,15,21,18,23,20,26,9,10,10,21,12,16,15,16,13,15,18,14,19,16,10,15,11,15,18,13,14,17,9,15,13,17,19,23,20,22,24,12,15,16,19,18,21,20,8,17,14,22,16,18,15,18,10,18,18,13,11,12,17,14,20,17,17,11,7,18,13,14,23,17,14,17,22,15,16,18,15,18,14,16,11,14,22,22,18,23,15,18,19,12,22,12,22,12,14,18,12,20,17,24,8,20,15,19,16,11,15,18,21,8,18,16,17,10,14,16,19,7,15,16,17,17,22,13,15,9,13,15,12,18,20,15,21,14,21,15,18,17,9,13,25,9,21,20,15,19,25,12,12,24,11,11,17,22,24,25,19,15,22,16,17,13,6,18,18,17,17,17,8,14,12,16,10,20,23,8,11,17,13,25,21,19,12,8,16,10,20,11,13,7,15,8,16,21,8,15,15,13,8,12,12,16,15,8,19,19,17,6,12,15,18,22,19,17,20,19,19,13,20,8,12,20,15,14,22,14,15,11,13,15,16,15,15,13,16,16,15,14,13,9,8,18,13,12,14,12,6,19,20,6,13,10,16,13,19,10,9,13,14,16,13,13,11,10,18,13,6,15,25,16,16,8,13,15,16,13,18,16,8,16,16,11,25,18,14,11,17,18,11,5,14,20,19,20,11,16,15,14,15,19,15,14,13,9,8,11,10,13,9,20,21,15,20,11,12,16,12,12,11,10,12,11,14,13,13,14,21,23,12,10,17,11,6,15,12,10,15,12,13,17,12,15,21,16,14,11,9,18,11,14,20,11,17,17,12,12,16,9,13,6,16,14,13,18,18,12,8,15,12,19,12,10,11,14,8,13,11,9,4,9,12,19,8,11,7,14,8,16,15,14,21,13,24,11,13,15,10,14,8,15,7,13,7,14,8,5,12,11,13,14,15,17,14,10,10,11,17,16,14,11,13,10,11,13,9,13,16,9,10,10,10,16,14,13,9,9,15,10,11,6,8,18,17,11,6,9,6,10,9,12,7,11,12,11,10,6,8,17,11,13,12,17,14,9,9,19,15,8,12,14,15,16,4,11,15,9,10,9,6,8,8,11,2,11,10,8,18,7,13,13,12,15,6,16,9,18,13,13,12,15,10,10,16,10,10,7,3,11,10,11,9,12,13,6,10,6,8,6,11,14,7,10,12,6,7,10,6,13,12,15,11,7,7,9,13,15,13,14,17,15,15,12,14,12,11,19,14,12,18,9,16,15,16,18,20,16,10,11,13,11,9,14,14,12,21,13,13,15,14,13,16,22,17,23,20,11,14,20,17,22,15,24,20,29,10,25,20,18,0,0,0,0,0,0
CCTTTT,16,29,16,14,21,15,14,16,20,14,9,13,16,22,13,15,17,18,17,12,16,23,15,17,11,27,20,17,19,11,18,17,26,21,21,13,18,16,19,17,20,16,8,17,16,18,16,19,21,25,14,19,18,8,17,19,13,16,13,22,18,16,17,7,15,17,16,18,15,14,11,13,18,22,14,13,35,20,18,13,24,17,18,16,15,25,15,16,18,13,18,19,11,17,21,13,19,17,14,12,17,18,11,19,16,12,23,10,20,15,15,17,9,23,20,17,17,9,16,15,14,15,20,26,11,20,17,13,14,20,15,13,12,25,19,22,14,14,18,15,22,9,16,15,10,15,26,20,13,17,19,15,11,15,19,17,22,18,17,13,16,14,20,10,16,10,15,17,18,17,20,24,17,16,16,20,13,9,12,11,20,13,26,15,18,15,13,18,21,25,20,20,25,15,27,21,18,19,21,19,27,15,16,14,15,18,13,14,20,20,17,13,15,13,19,15,21,16,15,18,20,15,27,16,15,17,15,18,24,23,19,19,14,24,20,22,19,19,20,18,23,13,12,18,18,21,16,6,10,17,15,21,22,27,14,12,15,15,16,29,20,22,10,11,14,24,19,18,6,16,11,22,18,21,20,24,22,16,15,13,20,21,23,21,19,10,10,9,12,24,19,13,13,20,11,10,10,16,19,15,22,18,16,18,22,7,20,15,18,15,17,13,10,18,13,24,12,21,6,23,14,20,16,18,14,16,23,19,13,16,21,17,12,8,18,22,18,16,19,17,15,21,22,13,21,20,13,16,23,16,10,17,12,24,24,18,21,13,18,11,16,17,22,16,11,21,23,21,25,20,26,18,16,15,16,21,12,16,14,11,18,10,18,16,19,15,16,14,17,12,20,19,13,17,17,17,20,20,15,19,22,22,27,17,18,15,21,11,10,16,23,10,17,22,17,12,14,8,11,13,22,18,14,16,17,12,14,18,14,11,10,10,11,14,9,17,13,16,18,19,23,22,16,24,13,22,23,18,27,22,23,15,21,16,14,25,17,14,11,17,19,13,14,14,16,13,14,9,15,12,13,21,27,14,18,19,26,14,18,24,15,11,14,15,18,23,12,15,25,13,18,19,13,9,18,21,15,18,25,12,20,8,8,28,17,17,17,12,14,29,21,18,20,21,10,8,18,15,21,19,12,25,17,24,10,14,14,24,21,16,15,12,21,17,27,22,19,7,16,19,24,20,8,20,21,26,10,21,22,21,15,14,13,13,12,25,17,18,20,10,16,14,18,15,25,11,16,17,15,14,21,17,16,26,22,18,12,18,16,22,16,20,21,17,17,18,13,21,23,20,18,14,26,23,14,18,22,16,15,21,17,15,17,17,17,20,16,22,18,24,20,21,20,20,21,15,17,19,25,14,18,16,22,25,15,19,16,23,16,18,14,15,19,21,24,16,12,18,15,20,18,23,16,21,16,17,23,17,13,24,21,17,21,26,12,19,15,19,20,24,23,25,25,13,24,19,19,13,31,11,13,16,17,21,26,20,12,24,15,24,18,18,18,12,35,16,19,14,12,25,15,16,15,18,26,22,22,20,20,18,22,18,15,30,21,22,14,26,21,20,19,24,27,19,19,21,22,31,12,13,13,21,20,18,27,24,18,23,21,14,14,25,25,22,20,17,16,20,17,16,21,32,17,27,20,25,21,15,10,18,20,19,20,21,19,15,9,23,20,14,14,8,12,9,34,11,17,13,18,26,21,23,24,19,22,14,19,22,19,31,30,26,21,16,16,20,17,18,23,23,20,21,29,27,23,17,15,25,31,28,33,22,30,20,26,25,27,15,17,16,21,18,21,14,20,16,17,23,24,18,23,13,21,21,19,14,28,16,33,20,30,16,24,28,20,17,26,18,21,21,18,24,20,23,18,15,18,21,24,21,14,23,23,24,25,20,19,26,16,10,22,36,12,28,24,22,21,27,21,18,18,23,19,17,14,16,22,30,16,16,27,28,20,28,23,19,17,17,25,29,16,24,14,17,27,24,20,27,14,27,28,30,29,27,34,14,10,17,23,25,20,30,19,14,24,18,29,28,22,21,30,24,25,21,21,35,13,25,24,24,17,28,20,13,26,20,24,24,16,28,25,31,30,20,35,27,26,21,27,28,17,30,25,31,29,38,26,30,29,28,33,31,25,34,41,33,23,26,31,27,15,26,17,34,27,34,30,25,23,33,41,32,19,30,35,24,36,22,23,17,22,24,20,36,0,0,0,0,0,0
CTATAA,15,19,24,13,16,11,15,16,13,13,9,14,15,13,20,9,24,10,8,24,22,10,19,20,13,12,9,7,18,15,12,15,17,7,8,19,16,17,12,14,11,15,17,15,24,14,15,17,12,8,16,12,10,13,9,16,13,10,13,21,11,14,8,13,14,4,16,24,19,12,13,11,11,24,18,9,14,12,12,8,19,9,15,18,19,8,11,5,15,16,7,13,14,10,14,21,9,15,11,18,10,11,16,8,15,14,18,14,9,14,17,18,16,14,6,17,17,11,13,11,18,17,20,24,15,17,15,15,24,8,13,18,19,20,13,12,10,17,14,17,25,25,17,11,13,20,28,13,9,14,14,8,23,9,25,12,13,6,15,10,12,5,13,20,14,19,16,13,20,7,12,11,20,8,7,12,10,9,7,15,8,22,7,13,11,14,12,18,18,10,11,14,18,13,23,6,12,23,14,11,16,11,16,17,7,15,16,14,15,17,16,9,28,13,14,8,14,18,18,17,13,13,14,12,15,10,16,16,14,15,11,16,18,7,13,10,15,23,12,16,26,11,11,16,16,12,17,16,18,15,15,17,13,16,8,13,9,12,11,4,16,15,19,13,22,14,16,19,18,9,18,12,9,19,23,11,16,16,21,16,14,17,7,16,15,10,17,13,14,12,15,12,14,14,19,14,13,16,10,20,11,14,13,13,17,13,13,19,17,21,17,10,11,8,16,12,22,18,27,15,21,17,19,16,19,12,12,15,16,14,15,11,11,13,26,22,9,17,12,9,14,6,11,15,8,16,14,21,10,15,13,17,12,6,13,11,15,12,17,10,17,14,19,19,19,14,19,17,13,15,18,18,15,11,20,16,5,14,9,21,17,17,14,8,10,17,14,12,14,17,13,11,16,9,15,11,17,8,10,15,12,17,19,15,8,21,9,13,7,10,15,17,20,12,19,13,11,8,18,14,17,8,15,16,11,13,10,17,18,18,19,9,13,17,14,10,17,19,27,11,11,29,16,15,18,14,11,15,10,13,18,22,10,18,12,12,19,26,17,21,17,10,17,13,20,12,12,8,18,24,14,17,16,18,12,20,5,13,9,13,20,24,17,18,11,10,12,8,10,11,15,9,12,13,13,12,16,23,14,8,23,16,13,15,12,24,13,16,9,10,13,11,19,17,14,18,18,11,13,15,14,20,17,10,9,19,12,10,17,12,17,13,13,16,11,16,8,19,24,25,12,16,9,12,14,18,15,23,14,29,18,19,11,14,16,21,14,21,18,26,18,23,15,9,16,22,15,15,13,11,17,11,11,13,18,18,6,21,16,25,16,10,12,13,9,8,19,11,16,18,15,15,16,13,5,17,21,18,16,11,14,13,21,18,18,15,5,17,18,13,11,14,14,14,20,16,16,14,13,25,9,10,14,13,20,10,19,16,20,16,14,18,12,14,15,10,19,18,12,21,15,20,20,16,13,15,20,21,17,9,13,16,12,11,13,22,20,19,16,22,18,15,12,9,19,7,15,22,25,16,15,21,14,18,13,18,13,14,19,25,13,16,21,20,18,13,13,13,14,23,14,21,9,20,16,11,25,16,20,22,21,16,14,11,16,8,10,12,18,17,19,13,15,21,13,13,17,16,23,21,12,13,20,19,13,14,14,13,17,8,14,20,12,24,17,24,13,14,17,20,23,15,24,15,15,16,15,16,12,12,13,15,17,19,21,16,22,17,14,18,17,17,14,26,16,17,23,20,9,17,15,15,22,7,24,14,20,21,6,10,21,17,22,17,20,17,10,15,9,21,15,16,11,10,20,22,13,22,14,12,15,15,10,16,16,18,12,19,19,15,19,18,10,7,10,13,19,20,21,11,16,13,14,12,10,12,23,9,14,16,15,23,12,19,17,24,10,17,9,21,14,21,18,14,13,12,19,22,11,14,15,20,11,20,15,13,11,9,17,12,19,17,8,17,25,13,13,16,17,13,11,9,17,9,18,9,20,19,17,15,17,15,19,22,23,18,13,18,21,23,21,16,20,19,23,25,23,23,20,21,16,19,20,16,18,21,16,11,11,17,18,27,11,24,11,12,18,17,25,15,9,13,26,11,21,18,11,18,25,23,22,20,16,18,12,22,19,23,11,16,19,12,22,14,20,21,30,23,13,25,20,27,29,26,14,14,22,11,23,15,8,29,39,71,114,154,164,161,103,62,36,33,20,6,14,4,11,5,16,10,10,18,12,13,9,6,9,9,11,12,11,13,10,7,0,0,0,0,0,0
TTATAG,13,14,22,6,10,15,11,16,10,16,12,12,19,23,15,12,14,14,12,9,16,12,11,16,13,13,9,6,16,18,10,19,18,11,11,12,14,13,15,10,15,9,18,13,19,20,19,8,14,8,14,15,14,12,17,16,23,12,12,12,11,12,17,15,16,16,15,9,12,11,16,14,14,16,18,17,12,11,19,15,21,17,15,16,10,9,8,16,9,15,10,19,15,9,9,11,15,12,15,8,17,16,16,11,13,13,6,15,13,9,18,16,16,14,12,14,8,7,14,12,15,7,8,17,6,13,11,21,6,14,16,12,18,11,18,13,14,24,11,13,14,5,13,14,22,11,19,11,16,14,16,11,11,19,15,18,12,17,11,11,12,11,17,6,19,8,11,7,20,12,20,9,13,17,24,13,16,13,16,13,14,13,14,17,13,11,16,19,13,15,19,16,17,15,14,16,15,13,20,15,11,11,13,13,7,8,7,16,17,16,18,13,10,22,11,16,11,9,12,16,12,19,6,10,16,16,13,13,17,12,4,18,16,12,11,20,12,17,19,15,5,15,12,16,17,13,9,10,13,10,18,18,16,16,17,15,15,13,16,12,15,15,13,13,27,13,11,21,16,18,8,20,8,10,19,16,15,20,17,13,15,15,7,15,17,14,16,14,23,12,14,18,18,9,17,26,15,13,9,16,17,15,14,17,22,12,17,14,12,15,11,21,12,11,16,6,14,16,11,11,15,14,16,13,12,9,13,17,10,18,12,15,16,22,6,10,9,20,11,14,15,19,11,11,10,19,20,17,14,15,15,13,15,20,23,15,24,12,16,10,13,15,23,9,17,10,12,12,13,14,15,11,14,20,17,22,12,14,20,11,12,19,22,16,12,19,8,10,12,23,18,10,17,8,17,10,14,19,12,16,10,13,15,17,16,17,12,15,13,19,20,8,19,15,18,17,18,21,8,13,16,17,13,10,11,14,14,23,12,15,11,15,19,12,11,21,14,16,12,17,12,10,9,19,16,19,18,15,9,12,11,19,14,18,9,18,24,16,14,8,12,17,13,16,13,14,26,18,16,17,16,16,12,13,10,22,19,9,18,13,21,14,12,20,13,17,12,10,18,11,11,12,18,16,19,15,8,19,8,13,17,16,16,9,16,11,5,9,9,12,18,21,23,7,13,10,8,11,12,6,11,15,16,20,16,11,20,13,12,13,11,10,20,15,20,18,24,13,17,14,13,12,16,18,10,12,10,11,20,18,15,13,19,13,18,12,10,5,12,13,15,17,11,13,15,19,15,9,19,17,12,13,14,12,10,11,14,15,15,12,16,22,15,15,13,6,18,17,12,23,12,18,12,19,16,8,12,18,14,12,15,8,25,15,22,15,24,16,14,8,15,13,11,13,14,21,14,15,16,10,13,9,13,19,9,19,7,17,7,11,24,14,17,26,14,9,19,7,15,13,15,20,12,8,17,13,8,17,12,15,17,13,13,13,17,22,13,13,23,15,10,16,14,19,8,11,19,14,15,12,9,18,17,13,17,16,15,16,14,18,12,23,14,14,21,15,12,18,13,11,13,10,14,11,15,17,18,27,20,8,15,22,21,21,19,13,22,13,8,17,15,21,17,10,5,12,14,15,19,22,16,23,12,18,12,10,13,9,18,10,7,14,13,12,21,15,10,15,16,13,20,24,13,11,20,12,15,14,13,14,7,16,13,16,14,14,10,14,14,10,22,13,18,26,21,13,22,16,20,17,18,18,14,17,22,19,20,17,11,15,14,12,11,20,15,11,11,14,14,13,10,12,10,14,11,11,19,12,11,11,14,12,8,20,5,13,20,15,9,16,21,19,24,19,12,15,6,6,13,15,20,9,15,10,8,26,13,15,17,15,7,12,17,11,18,10,8,13,13,14,13,21,12,10,14,12,11,10,17,17,15,19,15,8,15,8,16,12,8,9,12,16,13,15,10,15,14,16,15,13,24,15,9,12,8,12,3,16,18,9,17,11,19,9,13,8,18,17,13,9,15,20,20,6,11,15,13,18,14,19,19,7,11,10,13,27,13,5,18,18,13,7,8,12,4,12,7,6,17,12,10,13,12,10,9,11,15,21,18,9,13,13,7,22,19,18,14,7,15,11,11,16,5,10,12,19,8,12,7,8,12,10,8,12,8,4,9,20,11,11,13,16,11,10,9,12,18,22,19,22,29,18,20,12,9,7,6,7,10,7,9,6,8,6,11,5,9,7,9,5,6,10,5,12,0,0,0,0,0,0
TGGGCC,5,7,2,4,0,6,3,5,4,2,6,2,4,3,9,4,3,5,1,5,6,4,5,2,4,4,3,2,1,2,5,0,4,4,1,2,6,5,3,3,1,2,6,3,5,6,5,6,2,4,4,3,1,4,8,5,9,4,4,3,4,2,5,3,3,3,4,5,3,2,7,2,4,4,4,4,2,2,4,5,2,7,4,0,6,3,1,3,6,2,5,3,1,3,7,2,5,4,8,3,3,5,5,7,1,4,1,3,6,0,2,4,9,4,0,6,5,8,4,4,4,4,5,2,3,3,1,2,1,7,5,7,1,3,2,3,7,7,2,3,6,0,8,0,7,3,15,2,6,4,4,4,6,5,5,6,6,3,2,2,1,8,3,3,2,7,8,4,6,2,2,4,6,4,5,3,8,3,3,6,4,4,4,5,3,2,2,3,3,3,1,1,3,2,6,6,3,1,5,6,3,4,3,3,3,2,2,1,5,5,6,5,4,1,6,6,4,3,2,1,4,2,3,3,7,11,6,3,10,4,6,2,5,6,6,2,6,7,2,5,6,2,1,4,5,6,7,1,2,4,2,3,2,2,4,3,5,4,8,4,6,5,3,6,5,2,4,5,4,1,3,4,5,3,3,6,9,8,1,4,3,3,5,5,2,2,3,2,3,2,4,2,6,3,4,8,7,5,5,1,5,2,2,3,8,6,1,7,5,2,5,3,7,2,1,6,6,2,5,2,7,4,2,1,2,5,2,2,5,0,3,2,5,6,9,4,2,10,4,5,6,5,8,4,6,5,3,4,4,5,6,5,2,4,8,5,4,1,4,5,0,2,4,2,3,4,8,2,4,5,6,7,4,6,5,5,4,4,4,3,3,3,5,7,4,4,1,0,6,6,4,1,4,4,8,3,3,9,8,2,4,3,5,6,1,7,1,4,4,7,3,5,1,2,5,2,2,5,7,7,6,4,4,5,3,3,3,2,7,1,7,1,3,5,3,1,5,0,4,6,3,8,7,3,2,11,7,4,3,4,0,7,5,8,4,5,5,5,8,2,3,4,0,10,11,9,1,6,7,6,2,3,5,8,4,5,4,3,4,3,9,6,6,3,7,7,9,9,6,9,2,3,5,4,7,5,4,3,1,5,2,3,12,4,9,6,3,4,5,7,6,5,7,1,5,5,2,5,4,3,2,6,5,7,5,5,5,2,4,4,6,3,3,3,7,5,5,9,4,3,4,3,5,4,6,5,4,6,3,2,7,5,5,4,2,4,6,1,6,8,2,1,4,3,2,3,1,12,4,3,7,5,3,4,6,9,2,5,4,2,7,4,3,3,1,5,1,4,5,7,5,5,2,1,2,7,3,3,1,1,6,8,3,5,1,6,3,4,2,8,2,5,9,8,4,3,4,5,5,6,4,5,4,5,5,8,4,6,4,10,2,4,5,4,5,6,1,9,2,1,4,3,5,1,4,3,4,6,1,12,6,5,7,7,5,7,7,3,7,7,3,6,4,4,2,4,4,4,7,1,3,6,3,5,6,5,7,4,5,4,6,6,6,9,5,2,10,6,4,3,5,5,5,6,3,4,7,9,3,7,7,7,6,7,4,2,9,8,7,7,3,7,5,14,5,8,6,5,7,8,5,11,6,6,8,2,8,9,9,4,11,9,6,5,4,8,2,6,9,5,9,8,3,4,7,7,11,6,5,5,3,5,4,7,8,3,10,11,10,3,13,3,6,15,3,10,4,12,5,9,6,12,7,8,8,10,8,13,13,11,5,13,6,8,8,7,3,13,9,15,12,8,12,11,12,17,8,3,8,10,7,8,11,15,11,19,18,13,14,12,12,4,11,23,13,9,28,14,7,9,8,14,12,17,16,16,17,11,14,12,28,13,14,21,11,19,9,13,15,12,11,16,15,25,18,24,15,17,17,18,20,20,25,16,13,18,13,26,24,17,14,17,19,10,12,21,13,17,19,22,26,12,15,23,22,10,20,25,24,18,24,25,22,15,23,25,23,29,27,19,18,40,20,25,34,31,27,29,23,19,29,23,26,29,29,31,26,36,32,26,14,48,26,29,27,34,42,27,43,40,29,29,27,34,29,29,24,30,36,33,34,30,27,39,17,31,24,24,28,23,22,19,24,13,19,16,15,24,10,26,17,16,13,21,6,15,8,6,9,15,3,4,3,5,4,2,2,1,0,6,4,4,3,3,3,2,0,5,1,4,3,4,6,0,1,2,1,2,0,3,5,3,2,2,0,0,0,0,0,0
GGCCCA,1,2,4,5,1,3,3,0,3,3,4,2,2,1,5,5,2,1,7,5,2,4,2,2,2,3,6,4,4,5,5,1,7,3,1,3,0,2,1,3,2,4,2,2,7,5,6,4,3,5,3,11,2,5,1,2,4,3,4,5,2,5,2,2,1,0,3,5,5,3,2,3,3,1,3,2,0,7,4,5,3,3,4,4,4,5,2,2,4,5,4,1,1,2,3,2,4,4,4,6,7,4,3,3,2,1,7,5,1,2,6,5,4,5,3,3,1,5,1,5,5,3,2,6,9,9,3,2,2,2,3,4,7,8,2,7,4,6,2,4,3,1,4,3,4,2,4,1,1,2,2,3,3,3,5,3,2,3,5,2,4,3,1,2,2,3,1,1,6,4,5,5,1,4,6,4,7,9,4,4,5,2,8,2,5,2,4,7,5,1,4,4,4,5,3,2,0,7,4,4,5,4,2,10,2,4,4,2,4,5,2,6,4,2,3,3,3,2,4,2,5,5,3,5,2,2,1,6,2,4,7,5,5,3,5,7,6,4,3,11,6,7,4,4,3,6,3,2,2,4,6,4,8,2,4,5,4,2,1,2,4,2,3,3,1,10,2,1,4,5,1,2,4,4,3,5,4,6,9,6,3,8,3,2,3,8,1,3,4,3,1,3,7,3,6,8,9,3,4,8,4,2,1,2,4,3,5,4,2,2,5,2,9,5,10,2,2,1,7,0,1,1,2,4,3,1,5,5,8,4,0,6,7,7,2,5,1,2,6,5,2,6,5,7,3,8,2,7,8,4,6,8,3,4,4,8,4,5,2,3,2,5,6,1,1,6,4,6,7,4,3,3,2,2,6,4,4,7,5,1,3,7,7,3,8,1,1,8,6,2,7,1,3,2,0,3,7,6,3,3,2,3,2,3,2,3,0,3,6,4,6,3,2,3,4,5,6,7,6,3,4,6,3,4,4,8,8,3,5,5,5,6,3,6,2,7,5,1,4,5,3,10,5,4,7,7,4,3,6,9,3,0,9,0,3,4,4,4,7,3,5,10,6,5,2,5,3,5,7,5,4,3,2,2,1,4,3,3,5,1,2,3,1,4,1,2,1,7,5,4,5,3,6,4,3,1,2,4,5,6,4,8,1,3,5,4,3,1,6,7,2,4,4,3,9,5,4,4,5,7,4,0,2,4,4,8,5,5,1,1,5,7,3,3,5,3,3,6,3,3,0,4,4,4,6,2,7,4,4,8,3,8,5,5,3,4,1,8,4,1,4,9,2,6,1,5,2,0,4,1,6,2,8,8,5,6,6,6,2,6,12,5,1,5,2,4,10,4,2,8,5,2,12,7,3,7,1,6,2,3,4,9,5,5,3,1,5,3,4,5,5,6,5,6,4,6,4,6,3,6,3,3,5,7,0,5,4,5,3,5,3,6,4,13,4,9,7,3,3,7,1,3,7,7,5,6,7,7,9,6,7,3,7,7,4,5,8,1,8,7,2,6,5,7,1,6,8,3,5,6,7,4,6,6,3,4,8,8,4,2,5,4,6,2,5,5,10,4,1,3,9,4,12,9,5,13,2,6,4,6,7,6,4,5,11,5,7,10,2,9,10,7,3,6,10,9,4,6,6,9,6,4,7,4,14,14,2,10,6,8,6,3,6,6,6,7,4,6,11,5,6,8,10,9,4,7,12,11,3,3,10,5,9,3,9,6,12,7,11,7,6,7,6,7,3,5,6,8,7,9,2,13,7,6,6,7,8,7,12,12,13,15,9,8,9,9,5,11,6,20,5,18,12,10,23,12,7,10,9,7,11,11,12,13,10,11,8,7,13,18,8,12,7,11,10,15,8,15,13,13,9,13,20,16,7,15,15,15,10,11,7,11,8,16,13,14,9,12,17,20,19,20,11,15,10,15,15,12,18,11,23,14,21,13,16,14,19,24,11,20,16,17,15,21,17,25,18,17,30,17,18,14,12,8,12,19,24,15,33,17,27,14,22,29,21,23,23,22,17,22,38,17,15,26,25,21,27,18,29,33,26,23,26,29,26,34,32,28,32,35,38,19,41,35,33,48,39,34,37,31,56,26,36,38,40,32,38,30,39,41,47,48,46,54,38,35,44,36,44,50,42,44,51,43,46,26,28,30,33,47,35,44,35,45,24,25,17,14,9,13,10,13,9,16,4,9,9,6,5,5,2,4,8,6,5,4,5,9,6,8,12,10,8,9,2,6,3,9,2,2,3,8,0,1,0,0,0,0,0,0
TGAACC,4,12,7,3,7,10,10,7,10,7,10,7,5,8,8,13,6,12,4,7,12,7,5,12,15,5,5,9,5,4,7,10,9,6,9,7,9,8,4,15,11,6,15,9,6,5,7,7,15,12,11,4,8,7,4,5,5,16,3,6,10,5,9,4,12,5,10,12,7,7,21,6,7,11,9,4,13,10,7,8,10,5,14,3,8,8,11,12,7,7,9,7,8,8,7,13,11,9,4,7,10,7,10,12,6,9,13,6,9,2,10,8,6,16,9,4,5,8,11,14,13,7,9,2,6,10,8,6,7,12,5,6,4,5,7,6,11,6,7,3,9,7,2,8,10,5,7,8,9,11,6,6,8,5,10,4,3,15,8,5,6,9,8,9,11,3,8,8,8,7,11,5,4,7,9,12,3,4,11,5,4,16,11,14,14,7,5,10,8,8,8,6,11,4,5,9,6,8,14,9,6,6,3,10,8,10,14,7,9,7,10,7,9,8,10,13,4,16,15,8,11,10,8,9,4,6,20,7,8,5,6,6,7,7,10,6,4,8,9,8,6,14,10,4,4,10,3,4,13,13,9,11,4,7,10,16,5,4,9,12,8,6,11,16,9,10,9,10,13,6,10,4,14,9,13,13,12,8,10,9,6,8,4,12,10,7,8,8,8,4,7,7,11,5,13,6,16,17,13,6,3,15,6,8,2,8,3,11,10,8,11,9,16,5,7,5,10,4,10,5,9,9,10,6,6,8,7,8,5,7,11,12,5,15,12,16,5,6,4,7,10,6,7,6,2,6,4,11,11,12,8,6,5,13,9,3,6,12,6,12,8,8,11,5,6,8,11,12,5,6,4,7,4,7,5,8,15,5,7,5,9,3,8,7,8,12,4,11,14,12,9,5,6,11,4,6,2,3,9,12,7,10,6,9,3,5,7,10,9,13,8,10,3,6,6,6,9,12,8,9,9,7,7,7,7,7,11,8,12,5,3,6,12,6,5,5,11,8,8,10,7,14,4,7,8,12,5,9,5,5,0,10,7,7,9,11,7,16,1,9,7,6,7,7,3,14,10,7,4,8,7,6,6,15,2,4,8,5,11,7,7,6,7,8,10,8,8,5,8,3,2,8,8,8,9,9,5,6,3,8,11,3,10,3,2,6,10,9,9,1,8,8,8,12,9,6,5,9,3,9,5,6,6,9,6,5,7,8,10,11,9,7,3,6,13,7,6,3,8,11,3,11,7,8,8,1,4,3,9,7,8,9,7,14,5,5,8,5,10,5,11,7,7,3,6,1,11,2,9,9,9,6,11,7,7,7,10,11,7,6,11,9,5,4,12,8,4,7,2,5,12,6,10,4,10,10,11,8,5,8,6,8,4,5,11,12,4,4,6,6,9,6,5,7,5,7,5,7,6,7,7,15,6,6,6,7,6,7,7,5,3,10,10,6,6,8,6,8,5,9,7,4,12,9,5,5,13,4,7,12,8,5,13,3,4,13,7,10,10,8,2,7,12,5,12,10,6,5,5,6,4,11,3,6,7,10,12,7,11,11,8,5,10,10,6,5,9,12,5,5,4,8,8,4,6,12,4,12,9,7,4,6,12,9,7,8,10,7,3,3,1,7,11,8,7,4,10,8,3,7,6,13,10,7,7,2,4,0,6,6,6,6,6,9,12,4,4,6,11,10,10,7,6,4,7,8,6,6,9,2,6,3,9,8,9,6,2,9,4,7,9,5,7,6,7,5,8,3,10,7,2,4,6,8,13,6,8,8,7,6,5,14,9,11,5,7,10,12,6,8,6,3,6,11,7,6,12,6,10,9,6,5,7,4,8,6,7,9,8,6,4,8,3,5,11,8,5,17,2,8,13,6,9,11,10,14,10,5,4,9,7,6,7,7,7,14,6,15,4,8,4,4,5,11,9,7,10,6,7,6,10,3,8,13,9,4,13,6,8,8,7,12,9,7,15,14,4,8,6,12,13,11,10,9,6,8,13,10,13,10,7,10,4,10,15,15,2,11,7,10,8,9,12,5,14,9,8,7,5,2,4,9,8,7,19,6,7,11,7,7,10,12,6,5,11,9,14,7,10,10,12,8,4,9,10,9,7,12,5,10,8,7,8,6,7,5,6,2,10,8,5,15,7,9,8,5,5,9,14,17,10,7,12,9,15,12,9,12,3,5,8,6,8,4,8,4,2,3,3,7,3,6,5,7,10,4,8,6,7,13,12,10,9,7,6,12,3,9,8,8,11,13,5,10,0,0,0,0,0,0
TGAGCC,2,4,5,2,1,6,2,7,1,1,1,6,1,5,1,4,4,4,6,6,7,3,3,0,4,6,3,2,3,4,4,3,5,6,3,4,4,3,0,3,2,3,2,4,3,10,1,5,4,11,1,2,6,6,7,3,1,7,1,4,4,3,6,2,0,1,5,8,3,4,3,6,2,8,3,3,3,2,6,2,5,0,4,7,6,3,5,2,4,4,4,4,8,5,5,1,1,6,7,4,3,3,2,3,5,3,5,1,3,5,2,5,1,3,1,4,2,1,5,4,4,2,3,4,4,4,3,5,2,3,3,2,4,5,4,1,2,4,5,3,4,4,3,2,2,3,2,2,2,8,1,2,8,3,5,0,3,1,4,4,4,7,1,3,2,5,3,7,2,3,2,4,8,4,5,2,1,4,2,2,1,4,1,2,3,4,3,5,2,3,1,4,8,2,2,4,4,6,5,2,4,2,1,1,1,4,5,4,2,8,1,2,2,3,3,7,2,4,7,2,4,5,8,10,1,1,7,6,9,3,4,3,2,5,4,6,3,6,4,6,2,5,1,2,3,1,6,0,2,4,4,3,4,0,3,3,1,6,5,3,4,1,5,4,1,5,4,9,3,3,5,3,5,5,2,0,1,7,6,3,5,2,6,1,2,3,6,2,2,3,2,0,2,5,3,8,3,4,0,2,0,3,1,3,4,4,2,4,1,4,2,3,1,1,4,8,4,3,4,2,2,3,3,8,2,2,5,3,2,1,6,8,6,7,1,5,7,3,0,5,6,4,2,7,5,2,2,2,3,3,4,6,0,4,5,2,5,5,2,2,3,3,3,6,2,4,6,2,3,6,1,5,2,3,2,6,1,3,0,2,3,5,3,3,1,2,2,2,3,1,1,5,7,6,2,1,2,3,2,2,2,2,3,6,3,2,0,5,4,2,4,2,6,2,2,3,0,4,2,0,3,4,3,2,1,2,5,2,2,3,2,2,4,2,5,5,0,2,1,6,5,4,4,4,2,3,7,3,4,8,3,2,0,5,4,2,2,2,4,3,1,0,1,3,10,3,1,3,1,8,4,3,8,2,5,3,6,0,3,4,2,12,6,2,5,1,2,1,3,4,1,3,6,1,1,3,0,3,6,3,5,0,2,0,3,1,5,0,3,2,3,3,0,2,5,1,1,1,5,1,3,1,2,7,1,2,1,3,1,4,3,3,1,5,5,2,5,7,4,3,2,0,2,3,2,2,9,0,7,5,4,1,4,5,0,4,2,5,3,3,5,0,4,4,3,5,1,4,2,5,9,4,1,4,5,3,2,5,3,8,8,5,1,4,3,0,1,12,2,5,1,2,5,6,4,2,4,6,6,4,3,2,4,2,3,3,5,5,2,4,5,6,5,1,1,0,4,3,1,3,3,5,3,6,1,5,1,2,4,2,3,4,0,2,1,2,3,2,2,4,1,4,1,1,4,2,1,4,2,3,4,1,0,2,4,4,1,7,0,2,0,5,2,3,5,3,0,5,1,2,3,1,2,1,2,2,3,1,1,4,1,1,2,4,1,5,5,2,3,0,4,0,3,1,1,3,6,3,0,3,2,3,3,1,0,1,1,1,4,0,1,1,4,2,3,5,2,1,3,5,2,2,3,5,3,11,4,1,2,0,3,3,2,5,1,4,4,4,4,3,1,2,4,6,5,2,5,2,1,5,2,1,2,5,2,3,0,1,3,1,2,3,1,5,4,2,8,1,8,2,0,5,1,5,4,2,1,3,3,2,3,2,2,0,1,3,2,1,1,2,2,0,4,2,3,1,1,4,2,4,4,6,3,2,6,1,2,3,3,2,4,8,2,1,4,1,4,2,5,5,3,3,3,1,4,2,3,1,3,1,1,4,4,4,3,2,4,4,5,4,0,1,2,3,8,3,8,4,2,7,2,4,2,1,2,5,2,1,4,8,3,1,8,5,3,4,3,2,3,2,4,2,2,7,4,6,4,3,3,1,8,4,2,5,6,4,3,3,6,1,2,5,2,3,6,5,3,5,3,3,3,1,7,4,6,5,4,9,2,3,2,5,2,4,3,3,6,3,4,2,2,4,6,6,1,6,4,0,3,2,4,1,1,3,5,3,3,7,3,2,8,4,3,5,5,7,6,0,6,6,4,5,7,0,3,1,1,4,5,9,6,6,7,2,4,6,1,2,3,3,3,1,0,4,9,2,5,3,1,1,7,5,1,5,2,5,7,3,4,5,3,1,2,6,0,0,0,0,0,0
